{
    "number_of_images": 16,
    "timestamp": "2023-05-21 21:04:09.620611",
    "resolution": [
        1200,
        1600
    ],
    "camera_matrix": [
        [
            899.145851528497,
            0.0,
            804.7536209930166
        ],
        [
            0.0,
            900.5883850549419,
            663.0119408501567
        ],
        [
            0.0,
            0.0,
            1.0
        ]
    ],
    "distortion_coefficient": [
        [
            0.060561283401516855,
            -0.09739134916027814,
            0.0001356350564891658,
            -0.000641576125027204,
            0.02611001262696431
        ]
    ]
}