{
    "number_of_images": 16,
    "timestamp": "2023-05-17 17:25:01.502842",
    "resolution": [
        720,
        1280
    ],
    "camera_matrix": [
        [
            946.7234863626247,
            0.0,
            639.9279137168534
        ],
        [
            0.0,
            946.7479131932419,
            372.50774189515533
        ],
        [
            0.0,
            0.0,
            1.0
        ]
    ],
    "distortion_coefficient": [
        [
            -0.031057308884001072,
            0.2406538926620443,
            0.0005151712326045109,
            -0.00036697941072541735,
            -0.5397435650930226
        ]
    ]
}