{
    "number_of_images": 38,
    "timestamp": "2023-10-26 09:46:31.109570",
    "resolution": [
        1200,
        1600
    ],
    "camera_matrix": [
        [
            900.0240947934485,
            0.0,
            806.7884591009031
        ],
        [
            0.0,
            899.9797229903522,
            662.8660143974081
        ],
        [
            0.0,
            0.0,
            1.0
        ]
    ],
    "distortion_coefficient": [
        [
            0.06401189635116822,
            -0.10106744049267846,
            0.0005908153929167264,
            0.0006696202428622348,
            0.030013033578540967
        ]
    ]
}