{
    "number_of_images": 40,
    "timestamp": "2024-02-20 09:29:19.028466",
    "resolution": [
        1200,
        1600
    ],
    "camera_matrix": [
        [
            901.8920531031023,
            0.0,
            831.4269601027427
        ],
        [
            0.0,
            901.7021941801786,
            672.5649583910997
        ],
        [
            0.0,
            0.0,
            1.0
        ]
    ],
    "distortion_coefficient": [
        [
            0.05083432633321345,
            -0.10063544134855812,
            0.0007782572093038303,
            -0.0005738195337374903,
            0.03850384357836211
        ]
    ]
}