{
    "number_of_images": 35,
    "timestamp": "2024-02-20 09:11:47.057775",
    "resolution": [
        1200,
        1600
    ],
    "camera_matrix": [
        [
            900.7153420521495,
            0.0,
            844.1881370064473
        ],
        [
            0.0,
            900.9434310078842,
            664.7448485768068
        ],
        [
            0.0,
            0.0,
            1.0
        ]
    ],
    "distortion_coefficient": [
        [
            0.04820190912765594,
            -0.07597983514188082,
            -0.0007862940564543685,
            0.00042238691095814964,
            0.017159319312783836
        ]
    ]
}