{
    "number_of_images": 35,
    "timestamp": "2024-02-20 10:11:35.752088",
    "resolution": [
        1200,
        1600
    ],
    "camera_matrix": [
        [
            902.3100481961084,
            0.0,
            800.7637948973506
        ],
        [
            0.0,
            901.876214887553,
            665.3101238073575
        ],
        [
            0.0,
            0.0,
            1.0
        ]
    ],
    "distortion_coefficient": [
        [
            0.04046386638859519,
            -0.07847833967946327,
            -2.1657146555174187e-06,
            0.001657094546610128,
            0.0235072441209774
        ]
    ]
}